{
    "intrinsic_matrix": [
        [
            506.9837213685146,
            0.0,
            338.0678289409843
        ],
        [
            0.0,
            506.64932766410107,
            241.6656044089418
        ],
        [
            0.0,
            0.0,
            1.0
        ]
    ],
    "distortion_coef": [
        0.1465673505273146,
        -0.25039678264091747,
        -0.0188883988127285,
        0.006966381947387631,
        0.514536744361555
    ],
    "rotation": 0
}