{
    "intrinsic_matrix": [   
        [
            517.7572484095259,
            0.0,
            352.3755835888331
        ],
        [
            0.0,
            509.5388293672522,
            216.60160126009455
        ],
        [
            0.0,
            0.0,
            1.0
        ]
    ],
    "distortion_coef": [
        0.23389871157997158,
        -1.3704982293715153,
        -0.025232303776569178,
        0.002796806337871222,
        4.329198591476445
    ],
    "rotation": 0
}