{
    "intrinsic_matrix": [
        [
            481.2054762666693,
            0.0,
            324.92656762669213
        ],
        [
            0.0,
            493.61661207940705,
            265.346231232622
        ],
        [
            0.0,
            0.0,
            1.0
        ]
    ],
    "distortion_coef": [
        -0.06229131523148759,
        1.6022079895874468,
        -0.011128888446209087,
        -8.229629067542962e-05,
        -4.894108486005769
    ],
    "rotation": 0
}