{
    "world_points": [
        [
            0.0,
            170.0,
            0.0
        ],
        [
            170.0,
            0.0,
            0.0
        ],
        [
            0.0,
            -170.0,
            0.0
        ],
        [
            -170.0,
            0.0,
            0.0
        ],
        [
            0.0,
            0.0,
            0.0
        ]
    ],
    "cameras": [
        {
            "camera_id": 0,
            "image_points": [
                [
                    387,
                    395
                ],
                [
                    135,
                    248
                ],
                [
                    321,
                    140
                ],
                [
                    531,
                    213
                ],
                [
                    343,
                    230
                ]
            ],
            "rotation_matrix": [
                [
                    -0.9860532720823155,
                    0.16593242859489185,
                    0.01285977279582362
                ],
                [
                    0.08674027249671354,
                    0.578320857345753,
                    -0.8111850042290413
                ],
                [
                    -0.14203897262003473,
                    -0.7987561674875975,
                    -0.5846481977715918
                ]
            ],
            "rotation_vector": [
                0.2176520376417506,
                2.712565002603402,
                -1.3868018784523455
            ],
            "translation_vector": [
                -7.566800160620101,
                12.316578519884072,
                448.20453373705914
            ],
            "reprojection_error": 0.29128665966180084,
            "intrinsic_matrix": [
                [
                    517.7572484095259,
                    0.0,
                    352.3755835888331
                ],
                [
                    0.0,
                    509.5388293672522,
                    216.60160126009455
                ],
                [
                    0.0,
                    0.0,
                    1.0
                ]
            ],
            "distortion_coef": [
                0.23389871157997158,
                -1.3704982293715153,
                -0.025232303776569178,
                0.002796806337871222,
                4.329198591476445
            ]
        },
        {
            "camera_id": 1,
            "image_points": [
                [
                    482,
                    166
                ],
                [
                    516,
                    347
                ],
                [
                    164,
                    313
                ],
                [
                    253,
                    154
                ],
                [
                    353,
                    226
                ]
            ],
            "rotation_matrix": [
                [
                    0.610336645983526,
                    0.7921370489438617,
                    -0.0028415242546769304
                ],
                [
                    0.4802507087589434,
                    -0.3728781174639035,
                    -0.7939276832641041
                ],
                [
                    -0.6299590743104764,
                    0.4831985153196202,
                    -0.6080055587630776
                ]
            ],
            "rotation_vector": [
                2.0392467075125262,
                1.0013477137911626,
                -0.49800340251851116
            ],
            "translation_vector": [
                11.79995294060391,
                -12.325222858776737,
                442.46142851644044
            ],
            "reprojection_error": 0.5138662892656004,
            "intrinsic_matrix": [
                [
                    506.9837213685146,
                    0.0,
                    338.0678289409843
                ],
                [
                    0.0,
                    506.64932766410107,
                    241.6656044089418
                ],
                [
                    0.0,
                    0.0,
                    1.0
                ]
            ],
            "distortion_coef": [
                0.1465673505273146,
                -0.25039678264091747,
                -0.0188883988127285,
                0.006966381947387631,
                0.514536744361555
            ]
        },
        {
            "camera_id": 2,
            "image_points": [
                [
                    164,
                    172
                ],
                [
                    384,
                    132
                ],
                [
                    532,
                    264
                ],
                [
                    223,
                    359
                ],
                [
                    327,
                    213
                ]
            ],
            "rotation_matrix": [
                [
                    0.38353715218672835,
                    -0.9234745083318491,
                    0.00969976049932475
                ],
                [
                    -0.5942630475630436,
                    -0.2548216246718408,
                    -0.7628350869622395
                ],
                [
                    0.706930465600103,
                    0.28681138760665215,
                    -0.646520335910301
                ]
            ],
            "rotation_vector": [
                1.9603549803358338,
                -1.302171462776315,
                0.6148463719337772
            ],
            "translation_vector": [
                1.4476134375474483,
                -43.721634686302856,
                421.4577337510623
            ],
            "reprojection_error": 0.29095902278108715,
            "intrinsic_matrix": [
                [
                    481.2054762666693,
                    0.0,
                    324.92656762669213
                ],
                [
                    0.0,
                    493.61661207940705,
                    265.346231232622
                ],
                [
                    0.0,
                    0.0,
                    1.0
                ]
            ],
            "distortion_coef": [
                -0.06229131523148759,
                1.6022079895874468,
                -0.011128888446209087,
                -8.229629067542962e-05,
                -4.894108486005769
            ]
        }
    ]
}